CONDITION_,YEAR_,Geography,Total_Cases,Total_Rate
Mood Disorders,2010,Alpine,64,425.6734287
Mood Disorders,2011,Alpine,52,343.0305429
Mood Disorders,2012,Alpine,73,479.4430579
Mood Disorders,2013,Alpine,37,239.7149336
Mood Disorders,2010,Anza-Borrego Springs,20,450.4504505
Mood Disorders,2011,Anza-Borrego Springs,22,471.3949004
Mood Disorders,2012,Anza-Borrego Springs,16,323.1017771
Mood Disorders,2013,Anza-Borrego Springs,30,607.5334143
Mood Disorders,2010,Carlsbad,257,224.0393333
Mood Disorders,2011,Carlsbad,322,277.931225
Mood Disorders,2012,Carlsbad,308,262.2906146
Mood Disorders,2013,Carlsbad,341,288.4135563
Mood Disorders,2010,Central San Diego,1082,653.4960833
Mood Disorders,2011,Central San Diego,1049,632.0571683
Mood Disorders,2012,Central San Diego,1209,724.7332454
Mood Disorders,2013,Central San Diego,1070,637.6638856
Mood Disorders,2010,Chula Vista,482,418.2793273
Mood Disorders,2011,Chula Vista,475,409.7901012
Mood Disorders,2012,Chula Vista,516,442.5272077
Mood Disorders,2013,Chula Vista,499,428.7641454
Mood Disorders,2010,Coastal,204,270.6467662
Mood Disorders,2011,Coastal,238,315.0023162
Mood Disorders,2012,Coastal,212,279.3406507
Mood Disorders,2013,Coastal,193,253.9807869
Mood Disorders,2010,Coronado,37,149.8036358
Mood Disorders,2011,Coronado,42,180.0334348
Mood Disorders,2012,Coronado,41,176.8232199
Mood Disorders,2013,Coronado,44,189.646998
Mood Disorders,2010,Del Mar-Mira Mesa,286,181.5077839
Mood Disorders,2011,Del Mar-Mira Mesa,328,206.9635668
Mood Disorders,2012,Del Mar-Mira Mesa,268,167.4068799
Mood Disorders,2013,Del Mar-Mira Mesa,282,175.1770406
Mood Disorders,2010,El Cajon,438,351.7337745
Mood Disorders,2011,El Cajon,433,345.6727046
Mood Disorders,2012,El Cajon,474,376.0502035
Mood Disorders,2013,El Cajon,469,371.7589987
Mood Disorders,2010,Elliott-Navajo,259,290.6650506
Mood Disorders,2011,Elliott-Navajo,281,314.2298015
Mood Disorders,2012,Elliott-Navajo,269,298.0345233
Mood Disorders,2013,Elliott-Navajo,276,304.8544762
Mood Disorders,2010,Escondido,484,296.8942652
Mood Disorders,2011,Escondido,546,332.462598
Mood Disorders,2012,Escondido,624,377.1805752
Mood Disorders,2013,Escondido,595,358.5222856
Mood Disorders,2010,Fallbrook,134,283.2741417
Mood Disorders,2011,Fallbrook,130,271.5574866
Mood Disorders,2012,Fallbrook,105,217.991571
Mood Disorders,2013,Fallbrook,129,266.380325
Mood Disorders,2010,Harbison Crest/El Cajon,758,544.6536994
Mood Disorders,2011,Harbison Crest/El Cajon,813,580.5732893
Mood Disorders,2012,Harbison Crest/El Cajon,812,576.2298107
Mood Disorders,2013,Harbison Crest/El Cajon,815,577.3631154
Mood Disorders,2010,Jamul,48,253.1912649
Mood Disorders,2011,Jamul,43,244.6239618
Mood Disorders,2012,Jamul,58,320.8142043
Mood Disorders,2013,Jamul,73,396.5020911
Mood Disorders,2010,Kearny Mesa,573,378.9482038
Mood Disorders,2011,Kearny Mesa,608,400.8016032
Mood Disorders,2012,Kearny Mesa,664,435.5783549
Mood Disorders,2013,Kearny Mesa,668,434.4404628
Mood Disorders,2010,La Mesa,340,575.3545199
Mood Disorders,2011,La Mesa,339,565.1318641
Mood Disorders,2012,La Mesa,354,586.8700265
Mood Disorders,2013,La Mesa,294,487.0775348
Mood Disorders,2010,Laguna-Pine Valley,7,132.6259947
Mood Disorders,2011,Laguna-Pine Valley,5,88.60535176
Mood Disorders,2012,Laguna-Pine Valley,10,176.8346596
Mood Disorders,2013,Laguna-Pine Valley,,
Mood Disorders,2010,Lakeside,181,323.0988933
Mood Disorders,2011,Lakeside,180,319.3527784
Mood Disorders,2012,Lakeside,184,323.0847571
Mood Disorders,2013,Lakeside,187,326.7973856
Mood Disorders,2010,Lemon Grove,117,392.4725772
Mood Disorders,2011,Lemon Grove,115,383.9861097
Mood Disorders,2012,Lemon Grove,139,461.6406509
Mood Disorders,2013,Lemon Grove,124,411.7686126
Mood Disorders,2010,Mid-City,610,374.1367255
Mood Disorders,2011,Mid-City,671,411.1620383
Mood Disorders,2012,Mid-City,625,379.0106911
Mood Disorders,2013,Mid-City,601,364.4721521
Mood Disorders,2010,Miramar,,
Mood Disorders,2011,Miramar,,
Mood Disorders,2012,Miramar,,
Mood Disorders,2013,Miramar,,
Mood Disorders,2010,Mountain Empire,16,210.8314666
Mood Disorders,2011,Mountain Empire,35,411.4742535
Mood Disorders,2012,Mountain Empire,44,513.838608
Mood Disorders,2013,Mountain Empire,40,465.7661854
Mood Disorders,2010,National City,152,260.6399396
Mood Disorders,2011,National City,188,321.4169701
Mood Disorders,2012,National City,177,301.2663399
Mood Disorders,2013,National City,166,283.0590843
Mood Disorders,2010,North San Diego,250,234.6492463
Mood Disorders,2011,North San Diego,349,324.3042327
Mood Disorders,2012,North San Diego,351,316.4243151
Mood Disorders,2013,North San Diego,420,376.3103665
Mood Disorders,2010,Oceanside,556,348.1091911
Mood Disorders,2011,Oceanside,594,371.0297011
Mood Disorders,2012,Oceanside,573,355.4083474
Mood Disorders,2013,Oceanside,603,373.3052684
Mood Disorders,2010,Palomar-Julian,9,143.6093825
Mood Disorders,2011,Palomar-Julian,10,155.5693839
Mood Disorders,2012,Palomar-Julian,23,352.2744678
Mood Disorders,2013,Palomar-Julian,20,303.7667072
Mood Disorders,2010,Pauma,,
Mood Disorders,2011,Pauma,15,192.9756851
Mood Disorders,2012,Pauma,9,115.4142088
Mood Disorders,2013,Pauma,11,139.9491094
Mood Disorders,2010,Pendleton,6,16.02050625
Mood Disorders,2011,Pendleton,6,15.93583172
Mood Disorders,2012,Pendleton,,
Mood Disorders,2013,Pendleton,,
Mood Disorders,2010,Peninsula,168,266.9378416
Mood Disorders,2011,Peninsula,165,261.6555661
Mood Disorders,2012,Peninsula,167,264.023272
Mood Disorders,2013,Peninsula,130,206.9602318
Mood Disorders,2010,Poway,221,256.0507931
Mood Disorders,2011,Poway,217,249.7094395
Mood Disorders,2012,Poway,244,279.2241231
Mood Disorders,2013,Poway,245,279.2595632
Mood Disorders,2010,Ramona,128,367.0777172
Mood Disorders,2011,Ramona,110,310.4450653
Mood Disorders,2012,Ramona,127,356.3911884
Mood Disorders,2013,Ramona,144,401.8866345
Mood Disorders,2010,San Dieguito,252,269.4380293
Mood Disorders,2011,San Dieguito,240,252.9084471
Mood Disorders,2012,San Dieguito,211,220.9424084
Mood Disorders,2013,San Dieguito,241,250.4859011
Mood Disorders,2010,San Marcos,224,248.9857167
Mood Disorders,2011,San Marcos,190,210.6710427
Mood Disorders,2012,San Marcos,223,243.8091073
Mood Disorders,2013,San Marcos,249,270.9378366
Mood Disorders,2010,Santee,236,461.3790542
Mood Disorders,2011,Santee,196,379.1615886
Mood Disorders,2012,Santee,246,473.5322425
Mood Disorders,2013,Santee,219,418.5859821
Mood Disorders,2010,South Bay,297,220.1402375
Mood Disorders,2011,South Bay,328,242.736409
Mood Disorders,2012,South Bay,393,289.8401086
Mood Disorders,2013,South Bay,363,265.4925508
Mood Disorders,2010,Southeastern San Diego,465,298.4499856
Mood Disorders,2011,Southeastern San Diego,470,300.4999808
Mood Disorders,2012,Southeastern San Diego,565,359.7969853
Mood Disorders,2013,Southeastern San Diego,496,315.1527474
Mood Disorders,2010,Spring Valley,268,330.8601128
Mood Disorders,2011,Spring Valley,247,302.1850302
Mood Disorders,2012,Spring Valley,230,279.7543027
Mood Disorders,2013,Spring Valley,229,277.6666303
Mood Disorders,2010,Sweetwater,195,144.1028673
Mood Disorders,2011,Sweetwater,203,148.6134294
Mood Disorders,2012,Sweetwater,191,137.2027872
Mood Disorders,2013,Sweetwater,226,159.2199631
Mood Disorders,2010,University,94,149.855724
Mood Disorders,2011,University,113,169.9708192
Mood Disorders,2012,University,124,182.11726
Mood Disorders,2013,University,138,198.8730527
Mood Disorders,2010,Valley Center,60,257.1795971
Mood Disorders,2011,Valley Center,38,161.9847393
Mood Disorders,2012,Valley Center,42,178.321233
Mood Disorders,2013,Valley Center,54,228.1850835
Mood Disorders,2010,Vista,303,301.6936664
Mood Disorders,2011,Vista,332,327.6455901
Mood Disorders,2012,Vista,322,315.4388715
Mood Disorders,2013,Vista,358,348.408319
