CONDITION_,YEAR_,Geography,Total_Cases,Total_Rate
Self Inflicted Injuries,2010,Alpine,9,59.86032591
Self Inflicted Injuries,2011,Alpine,9,59.37067089
Self Inflicted Injuries,2012,Alpine,16,105.08341
Self Inflicted Injuries,2013,Alpine,,
Self Inflicted Injuries,2010,Anza-Borrego Springs,,
Self Inflicted Injuries,2011,Anza-Borrego Springs,5,107.1352046
Self Inflicted Injuries,2012,Anza-Borrego Springs,5,100.9693053
Self Inflicted Injuries,2013,Anza-Borrego Springs,,
Self Inflicted Injuries,2010,Carlsbad,52,45.33091568
Self Inflicted Injuries,2011,Carlsbad,83,71.64065737
Self Inflicted Injuries,2012,Carlsbad,59,50.24398137
Self Inflicted Injuries,2013,Carlsbad,56,47.36410308
Self Inflicted Injuries,2010,Central San Diego,151,91.19954581
Self Inflicted Injuries,2011,Central San Diego,191,115.0838123
Self Inflicted Injuries,2012,Central San Diego,197,118.091356
Self Inflicted Injuries,2013,Central San Diego,217,129.3206198
Self Inflicted Injuries,2010,Chula Vista,118,102.4003332
Self Inflicted Injuries,2011,Chula Vista,114,98.34962429
Self Inflicted Injuries,2012,Chula Vista,108,92.62197371
Self Inflicted Injuries,2013,Chula Vista,91,78.19145737
Self Inflicted Injuries,2010,Coastal,33,43.78109453
Self Inflicted Injuries,2011,Coastal,38,50.29448746
Self Inflicted Injuries,2012,Coastal,41,54.02342772
Self Inflicted Injuries,2013,Coastal,33,43.42676668
Self Inflicted Injuries,2010,Coronado,,
Self Inflicted Injuries,2011,Coronado,11,47.15161387
Self Inflicted Injuries,2012,Coronado,10,43.12761461
Self Inflicted Injuries,2013,Coronado,,
Self Inflicted Injuries,2010,Del Mar-Mira Mesa,46,29.19355965
Self Inflicted Injuries,2011,Del Mar-Mira Mesa,53,33.44228367
Self Inflicted Injuries,2012,Del Mar-Mira Mesa,56,34.98054207
Self Inflicted Injuries,2013,Del Mar-Mira Mesa,42,26.09019754
Self Inflicted Injuries,2010,El Cajon,82,65.84970207
Self Inflicted Injuries,2011,El Cajon,60,47.89922004
Self Inflicted Injuries,2012,El Cajon,90,71.40193737
Self Inflicted Injuries,2013,El Cajon,58,45.97446039
Self Inflicted Injuries,2010,Elliott-Navajo,36,40.40131978
Self Inflicted Injuries,2011,Elliott-Navajo,50,55.91277607
Self Inflicted Injuries,2012,Elliott-Navajo,50,55.39675153
Self Inflicted Injuries,2013,Elliott-Navajo,31,34.24090131
Self Inflicted Injuries,2010,Escondido,86,52.75393968
Self Inflicted Injuries,2011,Escondido,103,62.71730328
Self Inflicted Injuries,2012,Escondido,122,73.7436381
Self Inflicted Injuries,2013,Escondido,90,54.23026169
Self Inflicted Injuries,2010,Fallbrook,17,35.93776425
Self Inflicted Injuries,2011,Fallbrook,22,45.95588235
Self Inflicted Injuries,2012,Fallbrook,21,43.5983142
Self Inflicted Injuries,2013,Fallbrook,17,35.10438392
Self Inflicted Injuries,2010,Harbison Crest/El Cajon,138,99.15858907
Self Inflicted Injuries,2011,Harbison Crest/El Cajon,131,93.5487096
Self Inflicted Injuries,2012,Harbison Crest/El Cajon,149,105.736751
Self Inflicted Injuries,2013,Harbison Crest/El Cajon,107,75.80104705
Self Inflicted Injuries,2010,Jamul,14,73.84745226
Self Inflicted Injuries,2011,Jamul,8,45.51143475
Self Inflicted Injuries,2012,Jamul,8,44.25023508
Self Inflicted Injuries,2013,Jamul,15,81.47303243
Self Inflicted Injuries,2010,Kearny Mesa,103,68.11808899
Self Inflicted Injuries,2011,Kearny Mesa,114,75.1503006
Self Inflicted Injuries,2012,Kearny Mesa,129,84.62290329
Self Inflicted Injuries,2013,Kearny Mesa,93,60.4834776
Self Inflicted Injuries,2010,La Mesa,48,81.22652046
Self Inflicted Injuries,2011,La Mesa,57,95.02217184
Self Inflicted Injuries,2012,La Mesa,64,106.1007958
Self Inflicted Injuries,2013,La Mesa,40,66.26905235
Self Inflicted Injuries,2010,Laguna-Pine Valley,,
Self Inflicted Injuries,2011,Laguna-Pine Valley,,
Self Inflicted Injuries,2012,Laguna-Pine Valley,,
Self Inflicted Injuries,2013,Laguna-Pine Valley,,
Self Inflicted Injuries,2010,Lakeside,36,64.2627633
Self Inflicted Injuries,2011,Lakeside,28,49.67709886
Self Inflicted Injuries,2012,Lakeside,32,56.1886534
Self Inflicted Injuries,2013,Lakeside,32,55.92254727
Self Inflicted Injuries,2010,Lemon Grove,17,57.02593003
Self Inflicted Injuries,2011,Lemon Grove,21,70.11920264
Self Inflicted Injuries,2012,Lemon Grove,29,96.3135171
Self Inflicted Injuries,2013,Lemon Grove,21,69.73500697
Self Inflicted Injuries,2010,Mid-City,104,63.787245
Self Inflicted Injuries,2011,Mid-City,114,69.8546533
Self Inflicted Injuries,2012,Mid-City,125,75.80213823
Self Inflicted Injuries,2013,Mid-City,95,57.61207064
Self Inflicted Injuries,2010,Miramar,,
Self Inflicted Injuries,2011,Miramar,,
Self Inflicted Injuries,2012,Miramar,,
Self Inflicted Injuries,2013,Miramar,,
Self Inflicted Injuries,2010,Mountain Empire,,
Self Inflicted Injuries,2011,Mountain Empire,5,58.78203621
Self Inflicted Injuries,2012,Mountain Empire,11,128.459652
Self Inflicted Injuries,2013,Mountain Empire,,
Self Inflicted Injuries,2010,National City,32,54.87156624
Self Inflicted Injuries,2011,National City,38,64.96725992
Self Inflicted Injuries,2012,National City,49,83.40141612
Self Inflicted Injuries,2013,National City,38,64.79665786
Self Inflicted Injuries,2010,North San Diego,52,48.80704323
Self Inflicted Injuries,2011,North San Diego,64,59.4712633
Self Inflicted Injuries,2012,North San Diego,73,65.80904559
Self Inflicted Injuries,2013,North San Diego,65,58.23850909
Self Inflicted Injuries,2010,Oceanside,119,74.50538442
Self Inflicted Injuries,2011,Oceanside,115,71.83234954
Self Inflicted Injuries,2012,Oceanside,139,86.21598655
Self Inflicted Injuries,2013,Oceanside,123,76.14684579
Self Inflicted Injuries,2010,Palomar-Julian,,
Self Inflicted Injuries,2011,Palomar-Julian,,
Self Inflicted Injuries,2012,Palomar-Julian,,
Self Inflicted Injuries,2013,Palomar-Julian,,
Self Inflicted Injuries,2010,Pauma,,
Self Inflicted Injuries,2011,Pauma,8,102.9203654
Self Inflicted Injuries,2012,Pauma,,
Self Inflicted Injuries,2013,Pauma,,
Self Inflicted Injuries,2010,Pendleton,,
Self Inflicted Injuries,2011,Pendleton,,
Self Inflicted Injuries,2012,Pendleton,,
Self Inflicted Injuries,2013,Pendleton,,
Self Inflicted Injuries,2010,Peninsula,24,38.13397737
Self Inflicted Injuries,2011,Peninsula,38,60.26006977
Self Inflicted Injuries,2012,Peninsula,35,55.33421868
Self Inflicted Injuries,2013,Peninsula,25,39.80004458
Self Inflicted Injuries,2010,Poway,31,35.91662708
Self Inflicted Injuries,2011,Poway,35,40.27571604
Self Inflicted Injuries,2012,Poway,43,49.2075299
Self Inflicted Injuries,2013,Poway,34,38.75438836
Self Inflicted Injuries,2010,Ramona,15,43.01691999
Self Inflicted Injuries,2011,Ramona,19,53.62232947
Self Inflicted Injuries,2012,Ramona,28,78.57443525
Self Inflicted Injuries,2013,Ramona,22,61.39934693
Self Inflicted Injuries,2010,San Dieguito,40,42.76794115
Self Inflicted Injuries,2011,San Dieguito,51,53.74304502
Self Inflicted Injuries,2012,San Dieguito,45,47.12041885
Self Inflicted Injuries,2013,San Dieguito,43,44.69250517
Self Inflicted Injuries,2010,San Marcos,34,37.79247485
Self Inflicted Injuries,2011,San Marcos,34,37.6990287
Self Inflicted Injuries,2012,San Marcos,45,49.19914721
Self Inflicted Injuries,2013,San Marcos,32,34.81932037
Self Inflicted Injuries,2010,Santee,40,78.19983969
Self Inflicted Injuries,2011,Santee,32,61.90393283
Self Inflicted Injuries,2012,Santee,42,80.84696824
Self Inflicted Injuries,2013,Santee,39,74.54270915
Self Inflicted Injuries,2010,South Bay,95,70.41522748
Self Inflicted Injuries,2011,South Bay,92,68.08460252
Self Inflicted Injuries,2012,South Bay,104,76.70069031
Self Inflicted Injuries,2013,South Bay,78,57.04798613
Self Inflicted Injuries,2010,Southeastern San Diego,96,61.61548089
Self Inflicted Injuries,2011,Southeastern San Diego,141,90.14999425
Self Inflicted Injuries,2012,Southeastern San Diego,114,72.59620589
Self Inflicted Injuries,2013,Southeastern San Diego,106,67.35119199
Self Inflicted Injuries,2010,Spring Valley,46,56.78942235
Self Inflicted Injuries,2011,Spring Valley,52,63.6179011
Self Inflicted Injuries,2012,Spring Valley,42,51.08556833
Self Inflicted Injuries,2013,Spring Valley,37,44.86316734
Self Inflicted Injuries,2010,Sweetwater,42,31.03754064
Self Inflicted Injuries,2011,Sweetwater,38,27.81926264
Self Inflicted Injuries,2012,Sweetwater,58,41.66367359
Self Inflicted Injuries,2013,Sweetwater,37,26.06698511
Self Inflicted Injuries,2010,University,19,30.28998677
Self Inflicted Injuries,2011,University,19,28.57916429
Self Inflicted Injuries,2012,University,22,32.31112678
Self Inflicted Injuries,2013,University,23,33.14550878
Self Inflicted Injuries,2010,Valley Center,8,34.29061294
Self Inflicted Injuries,2011,Valley Center,,
Self Inflicted Injuries,2012,Valley Center,8,33.96594914
Self Inflicted Injuries,2013,Valley Center,7,29.57954786
Self Inflicted Injuries,2010,Vista,81,80.65078211
Self Inflicted Injuries,2011,Vista,98,96.71466214
Self Inflicted Injuries,2012,Vista,67,65.63479624
Self Inflicted Injuries,2013,Vista,66,64.23170126
